{"cameraMode":{"drawMode":0,"name":"Shaded","section":"Shading Mode"},"sceneLighting":false,"audioPlay":false,"sceneViewState":{"showFog":true,"showMaterialUpdate":false,"showSkybox":false,"showFlares":true,"showImageEffects":true,"showParticleSystems":true,"showVisualEffectGraphs":true,"m_FxEnabled":true},"in2DMode":false,"pivot":{"x":0.40847110748291018,"y":1.7104822397232056,"z":3.3207457065582277},"rotation":{"x":0.02400149405002594,"y":0.8945631980895996,"z":0.04834615811705589,"w":-0.4437522292137146},"size":0.000017320508050033823,"orthographic":false}