{"cameraMode":{"drawMode":0,"name":"Shaded","section":"Shading Mode"},"sceneLighting":true,"audioPlay":false,"sceneViewState":{"showFog":true,"showMaterialUpdate":false,"showSkybox":true,"showFlares":true,"showImageEffects":true,"showParticleSystems":true,"showVisualEffectGraphs":true,"m_FxEnabled":true},"in2DMode":false,"pivot":{"x":1.9233653545379639,"y":2.172663688659668,"z":-13.502275466918946},"rotation":{"x":-0.011233273893594742,"y":0.9802672266960144,"z":-0.05647861212491989,"w":-0.19190675020217896},"size":1.695257544517517,"orthographic":false}