{"cameraMode":{"drawMode":0,"name":"Shaded","section":"Shading Mode"},"sceneLighting":false,"audioPlay":false,"sceneViewState":{"showFog":true,"showMaterialUpdate":false,"showSkybox":false,"showFlares":true,"showImageEffects":true,"showParticleSystems":true,"showVisualEffectGraphs":true,"m_FxEnabled":true},"in2DMode":false,"pivot":{"x":-0.48017430305480959,"y":1.6139589548110963,"z":2.6297950744628908},"rotation":{"x":-0.11504034698009491,"y":-0.4884950816631317,"z":0.06401675194501877,"w":-0.8629169464111328},"size":0.7735639810562134,"orthographic":false}