{"cameraMode":{"drawMode":0,"name":"Shaded","section":"Shading Mode"},"sceneLighting":false,"audioPlay":false,"sceneViewState":{"showFog":true,"showMaterialUpdate":false,"showSkybox":false,"showFlares":true,"showImageEffects":true,"showParticleSystems":true,"showVisualEffectGraphs":true,"m_FxEnabled":true},"in2DMode":false,"pivot":{"x":-0.3325423002243042,"y":1.8044002056121827,"z":2.7840046882629396},"rotation":{"x":-0.13908381760120393,"y":-0.0021035652607679369,"z":-0.0006593777216039598,"w":-0.9905718564987183},"size":0.11765184253454209,"orthographic":false}